{"cameraMode":{"drawMode":0,"name":"Shaded","section":"Shading Mode"},"sceneLighting":true,"audioPlay":false,"sceneViewState":{"m_AlwaysRefresh":false,"showFog":true,"showSkybox":true,"showFlares":true,"showImageEffects":true,"showParticleSystems":true,"showVisualEffectGraphs":true,"m_FxEnabled":true},"in2DMode":false,"pivot":{"x":29.637767791748048,"y":3.8957080841064455,"z":-26.435060501098634},"rotation":{"x":0.08231047540903092,"y":0.4775196313858032,"z":-0.039700642228126529,"w":0.8749921321868897},"size":4.278111934661865,"orthographic":false}